country,1970,1971,1972,1973,1974,1975,1976,1977,1978,1979,1980,1981,1982,1983,1984,1985,1986,1987,1988,1989,1990,1991,1992,1993,1994,1995,1996,1997,1998,1999,2000,2001,2002,2003,2004,2005,2006,2007,2008,2009,2010,2011,2012,2013,2014,2015,2016,2017
Afghanistan,1.02,1,1,1.3,1.52,1.2,1.52,1.4,1.52,1.4,1.6,1.7,1.6,1.64,1.69,1.73,1.77,1.82,1.86,1.91,1.95,1.99,2.04,2.08,2.12,2.17,2.21,2.26,2.3,2.34,2.39,2.43,2.47,2.52,2.56,2.6,2.65,2.69,2.74,2.78,2.82,2.84,2.14,2.78,2.97,2.58,2.58,2.58
Albania,2.8,2.8,2.8,2.8,2.8,2.8,2.8,2.8,2.8,2.8,2.8,2.8,2.8,2.8,2.8,2.8,2.8,2.8,2.8,2.8,2.8,2.8,2.8,2.8,2.8,2.84,2.84,2.84,2.84,2.87,2.89,2.91,2.93,2.96,2.98,3,3.02,3.05,3.07,3.09,3.11,3.14,3.16,3.18,3.15,3.12,3.57,3.57
Algeria,5.23,5.23,5.23,5.23,5.23,5.23,5.23,5.23,5.23,4.8,4.2,4.95,4.95,4.95,4.95,4.95,4.95,4.95,4.95,4.95,4.95,4.6,5.2,5.8,5.3,5,4.4,4.47,4.47,4.47,4.47,4.47,4.47,4.47,4.47,4.47,4.47,4.47,4.47,4.47,4.47,4.47,4.47,4.47,4.47,4.47,4.47,4.47
Andorra,3.3,3.3,3.3,3.3,3.3,3.3,3.3,3.3,3.3,3.3,3.3,3.3,3.3,3.3,3.3,3.3,3.3,3.3,3.3,3.3,3.3,3.3,3.3,3.3,3.3,3.3,3.3,3.3,3.04,2.78,2.52,2.27,2.01,1.75,1.49,1.54,2.05,2.46,2.86,3.14,3.01,3.12,2.78,2.44,2.44,2.44,2.44,2.44
Angola,5.02,5.02,5.02,5.02,5.02,5.02,5.02,5.02,5.02,5.02,5.02,5.02,5.02,5.02,5.02,4.8,6.7,5.3,5,5,4.4,4.42,4.42,4.42,4.42,4.42,4.42,4.42,2.8,3,2.99,2.92,2.84,2.77,2.69,2.62,2.54,2.8,3.06,3.31,3.57,3.57,3.57,3.57,3.57,3.57,3.57,3.57
Antigua and Barbuda,3.01,3.01,3.01,3.01,3.01,3.01,3.01,3.9,3,3.5,2.9,3.2,3,2.6,2.4,2.66,2.66,2.9,3.7,3.69,3.69,3.69,3.69,3.69,3.69,3.69,3.69,3.69,3.58,3.4,3.43,3.46,3.49,3.31,3.14,2.96,2.78,2.6,2.43,2.25,2.25,2.25,2.25,2.25,2.25,2.25,2.25,2.25
Argentina,1.4,2.26,1.8,1.7,1.8,1.7,1,1.5,1.6,2,2.2,1.9,1.5,1.5,2.4,1.3,1.2,1.2,1.16,1.1,1,2.1,3.1,3.6,4.1,3.47,3.5,3.18,3.94,4.44,4.6,4.92,4.3,3.74,3.3,3.49,3.68,3.86,4.25,4.81,4.52,4.86,5.21,5.23,5.08,5.25,5.08,5.08
Armenia,3.5,3.5,3.5,3.5,3.5,3.5,3.5,3.5,3.5,3.5,3.5,3.5,3.5,3.5,3.5,3.5,3.5,3.5,3.5,3.5,3.5,3.5,3.5,3.5,2.67,2.67,1.7,1.84,2.22,2.27,2.33,2.38,2.43,2.48,2.54,2.59,2.64,2.7,2.75,2.8,2.85,2.91,2.96,2.55,2.1,2.69,2.45,2.45
Australia,4.98,4.98,4.98,4.98,4.98,4.98,4.98,4.98,5.1,5,5,5,5,5,5.1,5,4.9,4.7,4.6,4.5,4.4,4.4,4.5,5.2,5.2,4.89,5.2,4.87,4.75,4.79,4.83,4.84,4.86,4.87,4.89,4.9,4.79,4.66,4.6,4.8,5.08,4.85,5.05,4.95,4.84,5.03,5.03,5.03
Austria,3.2,3.4,3.5,3.5,3.6,4,4.2,4.1,4.3,4.3,4.3,4.8,4.9,4.8,4.8,4.9,5.1,5,4.8,4.7,4.6,4.8,4.7,4.7,4.99,5.1,4.9,5.29,5.67,5.82,5.37,5.47,5.35,5.27,5.14,5.09,5.07,5.01,5.07,5.55,5.4,5.4,5.21,5.28,5.17,5.21,5.21,5.21
Azerbaijan,5.65,5.65,5.65,5.65,5.65,5.65,5.65,5.65,5.65,5.65,5.65,5.65,5.65,5.65,5.65,5.65,5.65,5.65,5.65,5.65,5.65,5.65,5.65,4.16,4.16,3,3.3,3.02,3.36,4.22,4.04,3.68,3.29,3.43,3.66,3.34,2.83,2.85,2.65,3.42,2.9,2.56,2.15,2.46,2.61,3,3.05,3.05
Bahamas,3.3,3.3,3.3,3.3,3.3,3.3,3.3,3.3,3.3,3.34,3.38,3.42,3.46,3.51,3.55,3.59,3.63,3.67,3.71,3.75,3.79,3.84,3.84,3.84,3.84,3.84,3.84,3.84,3.84,3.84,3.84,3.84,3.84,3.84,3.84,3.84,3.84,3.84,3.84,3.84,3.84,3.84,3.84,3.84,3.84,3.84,3.84,3.84
Bahrain,4.93,4.93,4.93,4.93,4.93,4.93,4.93,4.93,4.93,4.93,4.93,4.93,4.93,4.93,4.93,4.93,4.93,4.6,4.6,4.5,4.5,3.5,3.7,3.7,3.9,3.6,3.5,3.7,4.36,4.17,3.97,3.78,3.59,3.39,3.2,3,2.81,2.53,2.56,2.65,2.73,2.82,2.91,2.91,2.91,2.91,2.91,2.91
Bangladesh,0.543,0.543,0.543,0.543,0.9,0.8,0.5,0.6,0.645,0.7,0.7,0.7,0.7,0.8,0.9,0.9,1.1,1.1,1.1,1.2,1.2,1.1,1.2,1.3,1.34,1.34,1.31,1.3,1.49,1.32,1.28,1.3,1.25,1.68,1.48,1.54,1.61,1.79,1.71,1.59,1.78,1.97,1.98,1.8,1.61,1.43,1.24,1.24
Barbados,5.47,5.3,5.7,5.6,5.8,5.22,5.2,5.3,6,5.28,5.35,5.3,5.1,4.9,5.2,5.3,5.88,5.88,5.88,5.88,6.38,5.5,6.75,6.75,6.75,6.75,6.75,6.75,4.85,3.99,4.35,5.24,5.39,5.72,5.64,5.55,5.38,5.21,5.02,5.6,5.78,5.58,5.39,5.83,6.27,5.7,5.13,4.67
Belarus,4.04,4.04,4.04,4.04,4.04,4.04,4.04,4.04,4.04,4.04,4.04,4.04,4.04,4.04,4.04,4.04,4.04,4.04,4.1,3.91,3.6,4.3,5.1,5.1,5.5,5.2,4.6,5.39,5.39,5.39,5.4,5.41,5.42,5.42,5.43,5.58,5.71,4.87,4.63,4.4,4.95,4.51,4.77,4.88,4.69,4.77,4.98,4.73
Belgium,4.1,4.2,4.2,4.8,4.97,5.3,5.3,5.5,5.4,5.3,5.3,5.5,5.4,5.2,4.9,5.1,4.9,4.6,4.3,4.3,4.3,4.3,5.2,5.3,5.3,2.9,3,3.04,3.04,3.89,4.75,5.6,5.71,5.56,5.62,5.6,5.63,5.63,5.95,6.25,6.1,6.12,6.15,6.17,6.28,6.26,6.26,6.26
Belize,4.2,4.18,4.18,4.18,4.18,4.18,4.18,4.18,4.18,4.18,4.18,4.18,4.18,4.18,4.18,4.6,3.96,4.25,4.25,4.25,4.54,4.4,4.2,4.4,5.2,5.4,4.9,4.8,5.17,5.14,5.12,5.01,5.05,5.1,5.1,5.33,5.56,5.79,6.01,6.24,6.47,6.7,6.54,6.39,6.39,6.39,6.39,6.39
Benin,3.1,3.4,3.5,3.9,3.6,3.7,3.7,3.6,3.8,3.3,3.3,3.3,3.3,3.3,3.3,3.3,3.3,3.3,3.3,3.3,3.3,3.3,3.3,3.3,3.3,2.5,2.71,2.71,2.72,2.52,2.69,2.71,2.65,2.82,3.33,3.62,3.48,3.23,3.91,4.3,4.79,4.78,4.76,4.69,4.55,4.03,4.03,4.03
Bhutan,2.37,2.37,2.37,2.37,2.37,2.37,2.37,2.37,2.37,2.37,2.37,2.37,2.37,2.37,2.37,2.37,2.37,2.37,2.37,2.37,2.37,2.37,2.37,2.37,2.37,2.37,2.37,2.37,3.24,3.83,4.41,3.87,3.93,4,4.06,4.3,3.93,3.56,3.19,4.02,3.05,3.37,4.23,5.1,5.96,6.83,6.83,6.83
Bolivia,3.1,3,3,2.9,2.9,3.2,3.8,3.8,2.92,3.5,4.3,2.9,3,2.92,2.92,2.92,2.92,2.92,2.8,2.1,3.53,3.53,3.53,3.53,4.7,5,4.7,4.81,4.9,4.89,4.81,5.44,6.19,6.33,5.96,5.59,5.22,5.79,6.36,7.37,7.21,6.55,6.06,6.07,6.08,6.08,6.08,6.08
Botswana,3.99,3.5,3.3,2.9,2.5,2.9,3.3,3.7,4.2,4.3,4.1,4.49,4.94,4.4,4.7,5.1,4.5,4.8,5,4.65,4.3,5.61,5.2,5.61,5.61,5.61,5.61,5.61,5.61,6.14,6.67,7.2,7.73,8.26,8.79,9.32,8.26,7.2,8.34,9.48,9.48,9.48,9.48,9.48,9.48,9.48,9.48,9.48
Brazil,3.6,3.6,3.6,3,3.6,3.6,2.9,3,3.2,3.2,3.5,4,4.3,3.1,2.8,3.4,4.1,4.23,4.2,4.55,4.63,4.63,4.63,4.63,4.63,4.3,4.23,4.23,4.74,3.81,3.88,3.82,3.71,3.81,3.9,4.39,4.79,4.85,5.16,5.4,5.39,5.49,5.54,5.54,5.67,6.13,6.13,6.13
Brunei,2.29,2.29,2.29,2.29,2.29,2.29,2.29,2.29,2.29,2.29,2.29,2.29,2.29,2.29,2.29,2.29,2.29,2.29,2.29,4.2,3.6,3.4,3.5,4.1,2.91,2.91,2.91,2.91,5,4.76,3.64,3.48,3.32,3.16,3,2.83,2.67,2.51,2.35,2.19,2.03,2.36,2.68,3.01,3.34,3.66,3.99,3.99
Bulgaria,4.33,4.33,4.33,4.33,4.33,4.33,4.33,4.33,4.33,4.33,3.4,3.8,3.6,3.6,3.7,3.8,4,3.9,3.8,4,4.4,4.8,5.1,4.7,4,3.4,3.1,3.04,3,3.1,3.21,3.31,3.19,3.81,2.22,3.81,3.81,3.6,4,4.22,3.98,3.69,3.57,3.85,3.85,3.85,3.85,3.85
Burkina Faso,1.74,1.74,1.74,1.5,1.5,1.6,1.9,1.6,1.6,1.8,1.7,1.6,1.6,1.7,1.6,1.7,1.9,1.81,1.4,2.2,2.72,2.72,2.72,2.72,2.9,2.16,1.3,2.3,2.38,2.65,2.92,3.19,3.46,3.73,4,4.27,4.22,2.98,3.06,3.15,3.23,4.13,3.62,4.31,4.31,4.31,4.31,4.31
Burundi,2.22,2.22,2.7,2.4,2.3,2.2,2.3,2.45,2.6,2.5,2.45,3,2.67,2.67,2.3,2.3,2.8,3,3.2,3.28,3.3,3.4,3.6,4.06,4.5,4.7,4,3.98,3.83,3.25,3.02,2.78,2.78,2.8,2.83,3.6,3.95,4.3,4.65,5.46,6.36,5.77,5.69,5.18,5.18,5.18,5.18,5.18
Cambodia,5.8,3.8,3.69,3.59,3.48,3.37,3.26,3.16,3.05,2.94,2.83,2.73,2.62,2.51,2.4,2.3,2.19,2.08,1.97,1.87,1.76,1.65,1.54,1.44,1.33,1.22,1.11,1.01,0.9,1.23,1.55,1.7,1.69,1.68,1.67,1.65,1.64,1.63,1.69,1.74,1.61,1.58,1.65,2.14,2,2,2,2
Cameroon,3.43,3.2,3.2,2.89,2.89,2.89,2.89,2.89,2.89,2.89,2.89,2.35,2.4,2.6,2.7,2.42,2.4,2.4,2.3,2.4,3,3.1,2.6,2.46,2.46,2.46,2.3,2.1,2.22,1.99,1.77,2.25,2.72,2.92,2.74,2.89,2.51,2.79,2.59,2.84,2.96,2.81,2.67,2.68,2.68,2.68,2.68,2.68
Canada,7.32,6.7,6.8,6.3,6.1,6,6.2,6.4,6.8,6.4,6.2,6.2,6.3,6.7,6.4,6,5.9,6.1,6,5.9,5.8,6.1,6.6,6.7,7.1,6.7,6.91,6.91,5.49,5.51,5.38,5.05,4.98,4.87,4.77,4.66,4.63,4.59,4.38,4.58,5,4.93,4.93,4.93,4.93,4.93,4.93,4.93
Cape Verde,3.72,3.72,3.72,3.72,3.72,3.72,3.72,3.72,3.72,3.72,3.72,3.72,3.72,3.72,2.8,2.6,3.12,2.5,3.34,3.34,3.34,3,3.9,3.9,3.9,3.9,3.9,3.9,3.9,4.62,4.74,4.85,4.97,5.47,6.24,5.64,5.05,4.69,5.07,4.72,4.91,5.01,5.07,5.14,5.2,5.27,5.3,5.3
Central African Republic,4.2,4.2,3.7,4.2,4.2,4.2,3.6,3.5,3,3.96,3.7,4.4,3.5,3.6,2.88,2.88,2.2,2.5,2.33,2.33,2.2,2.3,2.3,2.2,1.7,1.6,1.58,1.58,1.58,1.58,1.59,1.59,1.6,1.6,1.61,1.61,1.4,1.3,1.27,1.23,1.15,1.15,1.15,1.15,1.15,1.15,1.15,1.15
Chad,1.28,1.28,1.28,1.28,1.28,1.28,1.28,1.28,1.28,1.28,1.28,1.28,1.28,1.3,1.04,1.04,1.04,1.04,1.04,0.8,1.23,1.5,1.95,2.1,1.7,1.55,1.4,1.4,1.44,1.88,2.02,1.92,2.06,2.2,1.14,1.01,1.15,1.29,1.44,1.58,1.48,1.62,1.77,1.77,1.77,1.77,1.77,1.77
Chile,3.88,3.88,5.7,3.88,3.7,3.7,4.14,4.14,3.3,3.6,4.4,5.2,5.7,5,4.8,4.4,4,3.2,3,2.5,2.4,2.4,2.5,2.5,2.6,2.6,2.8,3.1,3.43,3.63,3.41,3.54,3.68,3.69,3.49,3.36,3.25,3.39,4,4.23,4.23,4.12,4.66,4.57,4.57,4.57,4.57,4.57
China,1.61,1.4,1.5,1.5,1.6,1.6,1.7,1.7,1.8,1.9,1.7,1.7,1.8,1.8,1.7,1.7,1.8,1.6,1.6,1.6,1.79,1.79,1.5,1.5,1.8,1.7,1.7,2.04,2,1.79,1.79,1.79,1.79,1.79,1.79,1.79,1.79,1.79,1.79,1.79,1.79,1.79,1.79,1.79,1.79,1.79,1.79,1.79
Colombia,1.74,1.74,1.74,1.74,1.74,1.74,1.74,1.74,1.6,1.7,1.7,2.5,2.72,2.9,2.9,2.9,2.7,2.5,2.6,2.7,2.3,2.2,3.2,2.7,2.5,2.5,2.7,3.1,3.1,3.38,3.67,3.96,4.25,4.14,4.04,4.1,3.98,3.72,3.54,3.92,3.9,3.26,3.19,3.7,3.47,3.42,3.57,3.44
Comoros,3.93,8,3.93,3.93,3.93,3.93,3.93,3.93,3.93,3.93,3.93,3.93,3.93,3.93,3.93,3.93,3.93,3.93,3.93,3.93,3.9,4,4,3.9,4.05,3.9,4.19,4.19,3.56,3.6,3.65,3.69,3.74,3.78,3.83,3.88,3.92,3.97,4.01,4.06,4.1,4.15,4.19,4.24,4.28,4.33,4.33,4.33
"Congo, Dem. Rep.",2.13,2.13,2.13,2.13,2.13,1.9,1.8,1.6,1.9,2.2,2.3,2.6,2.8,1.3,0.7,0.9,0.7,0.9,0.9,0.946,0.946,0.946,0.946,0.946,0.946,0.946,0.946,0.946,0.946,0.994,1.04,1.09,1.14,1.19,1.23,1.28,1.33,1.38,1.42,1.47,1.52,1.7,1.88,2.06,2.06,2.06,2.06,2.06
"Congo, Rep.",5.7,5.5,5.1,5.2,5.3,6.6,8.1,6.63,8.8,7.5,6.6,5.6,5.57,5.57,4.5,6.73,6.73,6.73,6.73,6.73,6.73,6.73,6.73,9.5,6.9,8.3,5.95,5.95,5.2,4.86,4.51,4.17,3.83,3.78,3.33,2.52,2.52,2.52,2.52,2.52,2.52,2.52,2.52,2.52,2.52,2.52,2.52,2.52
Costa Rica,5,5.69,5.69,5.69,5.69,6.3,6.3,6.75,6.75,5.6,7,6.17,5.2,3.9,4.2,3.4,3.4,3.4,3.1,3.2,4.34,3.3,3.4,3.3,3.3,3.3,3.8,5.01,5.25,5.48,4.75,4.79,4.17,4.08,3.98,4.23,4.48,4.74,5,6.2,6.42,6.64,6.85,7.07,7.1,7.12,7.14,7.49
Cote d'Ivoire,4.8,5.71,7.3,6.5,5.4,6,5.8,4.7,5.3,6.7,6,7,7.3,7.7,6.4,6.3,7,7,7,7,7,7,7.7,7.3,5,4.3,4,3.9,3.36,3.85,3.94,3.96,4.41,4.43,4.32,4.06,4.04,4.25,4.24,4.19,4.4,4.02,4.15,4.43,4.36,4.69,4.69,4.69
Croatia,3.49,3.49,3.49,3.49,3.49,3.49,3.49,3.49,3.49,3.49,3.49,3.49,3.49,3.49,3.49,3.49,3.49,3.49,3.49,3.49,3.49,3.49,3.49,3.49,3.49,3.49,3.49,3.49,3.49,3.49,3.49,3.49,3.49,3.71,3.69,3.73,3.78,3.82,4.22,4.15,4.08,4.19,4.35,4.51,4.51,4.51,4.51,4.51
Cuba,6.45,6.45,6.45,6.45,6.45,6.45,6.45,6.45,6.6,6.5,7.6,7.4,7.6,6.7,6.8,6.9,7.4,7.1,6.5,6.4,6.1,6.9,7.2,6.9,5.7,5.1,4.9,6.1,7.09,7.19,7.28,7.51,8.14,8.56,8.99,9.19,8.11,11.7,14,13.3,13,13,13,13,13,13,13,13
Cyprus,3.99,3.99,3.99,3.99,3.99,3.9,3.4,2.9,2.9,3,3.2,3.5,3.5,3.6,3.4,3.4,3.3,3.3,3.2,3.2,3.1,3.3,3.5,3.7,3.7,3.8,4.64,4.64,4.65,4.39,4.91,5.03,5.24,6.12,5.94,5.91,6.06,6.13,6.04,6.67,6.22,5.94,6.21,6.48,6.42,6.04,6.04,6.04
Czech Republic,4.25,4.25,4.25,4.25,4.25,4.25,4.25,4.25,4.25,4.25,4.25,4.25,4.25,4.25,4.25,4.25,4.25,4.25,4.25,4.25,4.25,4.25,3.32,3.9,4.3,4.1,3.8,4.18,3.32,3.41,3.42,3.5,3.7,3.91,3.8,3.67,4.01,3.69,3.59,3.97,3.93,4.02,4.09,3.92,3.81,5.73,5.73,5.73
Denmark,4.6,5.2,5.3,5.1,5.4,5.8,6.27,5,5.1,4.9,5.3,6.2,6.2,6.2,6.2,6.2,5.8,6.1,6.3,5.9,6.71,5.5,7.11,7.6,7.3,7.2,7.6,7.76,7.72,7.5,7.59,7.76,7.78,7.72,7.75,7.66,7.28,7.24,7.06,7.96,7.94,8.07,6.43,7.73,6.9,6.9,6.9,6.9
Djibouti,3.2,3.2,3.2,3.2,3.2,3.2,3.2,3.2,3.2,3.2,3.2,3.2,3.2,3.2,3.2,3.2,3.2,3.2,3.2,3.2,3.2,3.2,3.73,4.25,4.78,5.31,5.83,6.36,6.89,7.41,9.27,7.49,8.05,8.04,8.25,7.43,7.43,7.43,7.43,7.43,7.43,7.43,7.43,7.43,7.43,7.43,7.43,7.43
Dominica,5.4,5.4,5.4,5.4,5.4,5.4,5.4,5.4,5.4,5.4,5.4,5.4,5.4,5.4,5.4,5.4,5.4,5.2,4.6,4.9,4.98,4.98,4.98,4.98,4.98,4.98,4.98,4.98,5,5,5,5,5,5,5,5,5,5,5,5,5,5,5,5,5,5,5,5
Dominican Republic,2.5,2.14,1.9,2.14,2.14,2.14,1.5,1.5,1.7,1.8,1.5,1.7,1.6,1.6,1.5,1.3,1.2,1.12,1.12,1.12,1.12,1.12,0.7,0.8,0.9,1.1,1.3,1.98,2.14,2.1,2.06,2.02,1.88,1.86,1.84,1.82,1.8,1.78,1.82,1.87,1.91,1.96,2,2.52,2.52,2.52,2.52,2.52
Ecuador,1.6,1.7,4.28,4.28,4.28,4.28,4.28,2.1,2.1,4.28,3.3,4.59,4.59,4.59,4.3,5.2,6.7,9.7,15.3,22.6,36.6,38.7,56.8,84,2.77,2,2.6,3.17,2.4,1.54,1.18,1.45,1.72,1.99,2.26,2.53,2.8,3.07,3.34,3.61,3.88,4,3.93,3.93,3.93,3.93,3.93,3.93
Egypt,4.43,4.4,4.4,4.44,4.8,4.8,4.4,4.3,4.1,3.9,3.7,3.3,4.5,5,4.42,4.42,4.42,3.81,3.9,3.9,3.29,3.4,3.6,3.4,3.8,4.1,4.3,4.4,4.41,4.41,4.41,4.41,4.41,4.41,4.41,4.41,4.41,4.41,4.41,4.41,4.41,4.41,4.41,4.41,4.41,4.41,4.41,4.41
El Salvador,0.7,2.74,2.74,2.74,2.74,0.8,0.9,0.8,0.9,0.9,1,1.1,3.02,3.02,3.02,3.02,3.02,3.02,3.02,3.02,3.02,3.02,3.02,3.02,3.02,2,2.28,2.28,2.3,2.42,2.54,2.67,2.8,2.77,2.77,2.76,2.76,2.81,3.41,3.63,3.16,3.15,3.54,3.66,3.77,3.89,3.79,3.79
Equatorial Guinea,1.5,1.5,1.5,1.5,1.5,1.5,1.5,1.5,1.5,1.5,1.5,1.5,1.5,1.5,1.5,1.5,1.5,1.5,1.5,1.52,1.54,1.56,1.58,1.6,1.62,1.64,1.66,1.68,1.7,1.3,0.9,0.95,1,1,1,1,1,1,1,1,1,1,1,1,1,1,1,1
Eritrea,1.49,1.49,1.49,1.49,1.49,1.49,1.49,1.49,1.49,1.49,1.49,1.49,1.49,1.49,1.49,1.49,1.49,1.49,1.49,1.49,1.49,1.49,1.49,1.8,1.8,2.4,1.6,1.36,3.2,3.63,2.97,2.31,1.41,2.2,2.26,1.99,1.72,1.72,1.72,1.72,1.72,1.72,1.72,1.72,1.72,1.72,1.72,1.72
Estonia,5.64,5.64,5.64,5.64,5.64,5.64,5.64,5.64,5.64,5.64,5.64,5.64,5.64,5.64,5.64,5.64,5.64,5.64,5.64,5.64,5.64,5.64,5.64,6.14,5.85,5.4,5.3,5.9,5.5,5.23,4.97,4.7,4.94,5.06,4.68,4.58,4.42,4.25,5.36,5.21,5.43,4.77,4.35,4.29,5.12,4.89,4.89,4.89
Ethiopia,2.39,2.39,2.39,2.39,2.39,2.39,2.39,2.39,2.39,2.39,2.39,2.39,1.6,1.8,1.7,2,1.8,1.9,1.9,2,2,2,2.74,1.9,2.1,3.99,2.8,2.8,3.43,2.3,2.43,2.38,2.33,2.65,2.96,3.27,3.59,3.69,3.82,3.14,2.96,3.66,3.64,2.88,2.85,3.07,3.07,3.07
Fiji,3.7,4.1,4.01,4.01,4.2,4.4,4.7,5.2,4.92,5,4.92,5.5,6.08,6.6,5.6,5.6,5.6,5.6,5.6,4.7,4.57,4.57,4.57,4.57,4.57,4.57,4.57,4.57,4.57,4.81,5.05,5.29,5.53,5.77,6.01,5.78,5.55,5.32,5.1,4.87,4.64,4.41,4.18,3.96,3.96,3.96,3.96,3.96
Finland,4.9,4.9,4.5,4.5,4.3,4.9,5.1,5.3,5.3,4.5,4.5,4.6,4.5,4.6,4.5,4.8,4.9,5,4.9,4.9,5.2,6.3,6.7,7.6,6.9,6.8,6.8,6.97,6.44,5.55,5.4,5.45,5.55,5.67,5.62,5.62,5.47,5.3,5.44,6.01,6.07,6.02,6.75,6.72,6.65,6.41,6.41,6.41
France,2.9,2.8,3,2.9,3.6,3.9,3.9,4,4,4,4,4.4,4.6,4.6,4.7,4.7,4.5,4.4,4.3,4.2,4.3,4.5,4.4,5,5.2,5.4,5.4,5.36,5.06,5.05,4.89,4.88,4.91,5.19,5.03,4.92,4.86,4.88,4.88,5.12,5.1,4.95,5.01,4.92,4.96,4.94,4.94,4.94
Gabon,2.7,2.7,2.7,2.7,2.7,2.7,2.7,2.7,2.7,2.7,2.7,2.7,2.7,2.7,2.7,2.7,2.7,2.7,2.7,2.7,2.7,2.7,2.7,2.67,2.67,2.67,2.67,2.67,3.4,3.06,3.06,3.06,3.06,3.06,3.06,3.06,3.06,3.06,3.06,3.06,3.06,3.06,3.06,3.06,3.06,3.06,3.06,3.06
Gambia,2.22,2.2,2.5,2.9,2.7,2.3,2.6,2.9,2.71,2.71,2.78,2.7,3.27,3.27,3.75,3.7,2.9,2.35,2.05,2,3,3.2,1.2,2.92,3.29,1.6,1.6,1.6,3.03,1.41,1.32,1.42,1.51,1.61,1.71,1.8,1.9,1.99,2.09,1.99,2.46,2.67,2.44,2.66,2.66,2.66,2.66,2.66
Georgia,5.7,5.7,5.7,5.7,5.7,5.7,5.7,5.7,5.7,5.7,5.7,5.7,5.7,5.7,5.7,5.7,5.7,5.7,5.7,5.7,5.7,5.7,5.7,5.7,5.7,4.27,4.27,4.27,4.27,4.03,3.78,3.53,3.28,3.04,2.79,2.64,2.5,2.35,2.2,2.05,1.91,1.76,1.76,1.76,1.76,1.76,1.76,1.76
Germany,4.1,4.1,4.1,4.1,4.1,4.1,4.1,4.1,4.1,4.1,4.1,4.1,4.1,4.1,4.1,4.1,4.1,4.1,4.1,4.1,4.1,4.1,4.1,4.1,4.1,4.2,4.2,4.3,4.07,4.08,4.08,4.09,4.1,4.1,4.11,4.11,4.12,4.19,4.25,4.65,4.68,4.54,4.67,4.46,4.49,4.39,4.39,4.39
Ghana,3.79,3.8,4,4.19,3.5,4.2,4.6,4.6,3.16,2.1,2.6,1.7,1.8,1.64,1.4,2.5,3.3,3.2,3,3.1,2.8,2.85,2.85,2.85,2.85,2.85,2.85,2.85,2.85,3.72,4.58,5.45,5.92,6.38,6.85,6.4,4.34,4.39,5.01,4.77,4.68,8.16,7.99,5.84,5.82,5.82,5.82,5.82
Greece,1.3,1.2,1.45,1,1.2,1.4,1.3,1.4,1.6,1.5,1.7,1.6,1.7,1.7,1.8,2,1.8,1.8,1.8,2,2,1.9,2.47,2.4,2.1,2.5,2.7,3.11,2.27,2.45,2.62,2.73,2.7,2.69,2.95,3.1,3.1,3.1,3.1,3.1,3.1,3.1,3.1,3.1,3.1,3.1,3.1,3.1
Grenada,5,5,5,5,5,5,5,5,4.9,4.94,4.98,5.02,5.05,5.09,5.13,5.17,5.21,5.25,5.28,5.32,5.36,5.4,5.4,5.4,5.4,5.4,5.4,5.4,5.4,5.07,4.74,4.41,4.08,3.75,3.75,3.75,3.75,3.75,3.75,3.75,3.75,3.75,3.75,3.75,3.75,3.75,3.75,3.75
Guatemala,1.7,1.8,1.62,1.62,1.62,1.62,1.5,1.62,1.62,1.5,1.62,1.62,1.3,1.38,1.38,1.38,1.38,1.38,1.38,1.38,1.2,1.2,1.3,1.6,1.4,1.5,1.5,1.57,1.57,1.72,1.88,2.03,2.18,2.34,2.49,2.65,2.8,2.92,2.89,2.88,2.88,2.95,2.94,2.84,2.91,2.91,2.82,2.72
Guinea,1.4,1.4,1.4,1.4,1.4,1.4,1.4,1.4,1.4,1.4,1.4,1.4,1.4,1.4,1.4,1.4,1.4,1.4,1.4,1.8,1.8,2.1,2.1,2.1,2.08,1.9,2,2,2,1.75,1.91,2.03,2.4,2.31,2.07,1.83,1.6,1.36,1.12,3.37,3.67,3.24,2.58,3.07,2.19,2.27,2.25,1.95
Guinea-Bissau,2.58,2.58,2.58,2.58,2.58,2.58,2.58,2.58,2.58,3.4,4,3.6,3.2,3.15,3.09,3.04,2.99,2.93,2.88,2.83,2.77,2.72,2.66,2.61,2.56,2.5,2.45,2.4,2.34,2.29,2.21,2.12,2.04,1.96,1.88,1.79,1.71,1.63,1.55,1.46,1.38,1.3,1.38,1.16,1.16,1.16,1.16,1.16
Guyana,3.9,3.7,3.9,5.4,3.9,3.9,5.86,6.7,5.86,6.9,5.86,7.8,7.5,8.4,8.1,8.1,5.7,5.7,5.7,5.7,5.7,5.7,5.7,5.7,3.1,3.1,3.34,3.34,5.51,6.06,6.6,7.14,7.68,6.51,5.35,7.77,4.78,3.47,3.31,3.14,3.38,3.14,2.92,2.92,2.92,2.92,2.92,2.92
Haiti,1.28,1.12,1.12,1.12,1.12,0.955,1.07,1.07,1.07,1.07,1.19,1.15,1.19,1.16,1.15,1.18,1.65,1.93,1.81,1.71,1.46,1.46,1.46,1.46,1.46,1.46,1.46,1.46,1.46,1.46,1.46,1.46,1.46,1.46,1.46,1.46,1.46,1.46,1.46,1.46,1.46,1.46,1.46,1.46,1.46,1.46,1.46,1.46
Honduras,2.9,2.94,2.94,2.94,2.94,2.94,2.94,2.8,3,2.9,2.9,3.1,3.8,3.96,3.96,4.1,4.6,4.7,4.39,4.1,4.04,4,3.69,3.69,3.5,3.8,3.55,3.55,3.55,3.73,3.92,4.1,4.29,4.47,4.66,4.85,5.03,5.22,5.4,5.59,5.77,5.96,6.14,6.33,6.33,6.33,6.33,6.33
Hungary,3.2,3.2,3.1,3.1,3.3,3.4,3.2,3.2,3.5,3.4,3.8,4.1,4.1,4.9,4.6,4.3,4.3,4.2,4.1,4.8,5.3,5.6,6,5.7,5.7,4.7,4.2,4.58,4.27,4.43,4.62,4.7,4.91,5.61,5.31,5.27,5.24,5.24,5.06,4.84,4.55,4.47,4.15,4.1,4.42,4.47,4.47,4.47
Iceland,4.1,4.1,4.1,4.1,4.1,4.1,4.1,4.1,4.1,4.1,4.1,4.1,4.1,4.1,4.1,4.1,4.1,4.1,4.1,4.1,4.1,4.46,4.46,4.8,4.4,4.5,4.7,4.97,6.44,5.65,5.73,6.06,6.6,6.91,6.79,7.01,7.04,6.86,8.36,8.34,8.06,7.65,8.43,7.67,7.66,7.64,7.64,7.64
India,2.47,2.2,2.4,2.4,2.56,2.2,2.4,2.5,2.5,2.6,2.6,2.6,3.05,3.15,2.7,2.9,3,2.9,2.7,3.3,3.5,3.4,3.3,3.2,3.1,3.1,2.9,2.9,3.77,4.29,4.26,4.01,3.77,3.52,3.26,3.13,3.08,3.08,3.08,3.08,3.08,3.08,3.08,3.08,3.08,3.08,3.08,3.08
Indonesia,1.6,1.6,1.6,1.55,1.5,1.44,1.39,1.34,1.29,1.24,1.18,1.13,1.08,1.03,0.976,0.923,0.871,0.819,0.767,0.8,0.626,0.626,0.626,0.485,0.5,0.6,0.6,0.6,1.15,1.34,1.53,1.72,1.91,2.1,2.29,2.48,2.67,2.86,2.71,3.27,2.55,2.86,3.05,3.05,3.01,3.27,3.27,3.27
Iran,6.6,2.6,2.4,2.6,2.3,2.5,6.6,5.2,6.6,6.6,6.6,6.5,5.2,3.8,3.5,3.2,3.3,4.1,3.5,3.8,3.5,3.3,3.1,3.8,4,3.6,3.2,2.8,4.16,4.12,4.01,4,4.52,4.41,4.54,4.51,4.77,4.48,3.86,4.04,4.11,3.67,3.22,3.16,2.86,2.67,3.22,3.62
Iraq,4.69,4.7,4.5,4.2,4,3.84,3.84,2.7,2.8,3,2.2,2.6,4.6,4.4,4.2,3.8,3.6,4.1,3.7,4.6,4.6,4.6,4.6,4.6,4.6,4.6,4.6,4.6,4.6,4.6,4.6,4.6,4.6,4.6,4.6,4.6,4.6,4.6,4.6,4.6,4.6,4.6,4.6,4.6,4.6,4.6,4.6,4.6
Ireland,4.01,3.6,3.8,3.8,3.9,5.04,3.7,4.4,4.3,4.6,4.7,5.1,5,5.2,5.3,5.3,5.3,5.6,5.3,5.1,4.8,5.1,5.3,5.4,5.5,5.2,5.1,5.66,4.46,4.34,4.26,4.21,4.42,4.56,4.9,4.83,4.81,4.95,5.7,6.77,6.65,6.67,6.74,5.92,5.42,4.56,4.56,4.56
Israel,6.26,6.1,6.21,5.3,5.7,5.9,6.1,6.3,7.2,7.4,8.1,7.5,6.9,7.6,7.4,8.7,6.7,6.1,4.8,6.1,5.7,5.8,6,6.4,6.9,6.87,6.85,6.83,6.08,6.71,5.98,6.36,6.4,6.31,5.82,5.61,5.61,5.33,5.39,5.34,5.35,5.37,5.31,5.45,5.34,5.38,5.38,5.38
Italy,3.4,3,2.9,3.1,3.6,3.4,3.6,3.55,3.5,3.7,3.85,4,4.15,4.3,4.5,4.5,4.4,4.57,4.5,3.8,3,2.9,4,4.7,4.5,4.4,4.5,4.54,4.21,4.26,4.06,4.42,4.17,4.28,4.17,3.98,4.29,3.92,4.21,4.29,4.12,3.93,3.93,3.94,3.88,3.9,3.9,3.9
Jamaica,2.58,2.6,3.1,3.1,3.9,4.4,4.6,5.3,5.79,5.79,6.93,6.6,7.02,7.11,6.9,5.7,4.9,4.6,4.1,4.5,4.3,4.2,3.3,3.2,4.3,3.5,4,4.7,6.19,5.89,5.6,5.3,5.2,4.27,3.99,4.75,4.64,4.53,6.09,6.03,6.23,6.43,6.31,6.27,6.14,5.53,5.44,5.3
Japan,2.87,2.7,2.9,2.9,2.9,3.4,3.6,3.7,3.6,3.6,3.5,3.6,3.6,3.5,4.84,4.3,4.2,4.2,4.1,4,4.08,4.08,3.57,3.4,3.6,3.5,3.28,3.24,2.92,2.97,3.05,3.02,3.05,3.08,3.06,3,2.94,2.95,2.93,3.01,3.08,3.1,3.2,3.13,2.99,2.97,2.95,2.95
Jordan,2.9,2.8,2.2,2.2,2.9,3,2.9,3.2,3.3,4.2,4.2,4,3.8,4.4,4.4,5,3.1,3.2,4,5.5,5.8,6.1,5.1,5.8,5.8,6.1,6.3,5.4,5.61,4.25,4.21,4.17,4.13,4.1,4.06,4.02,3.98,3.95,3.91,3.87,3.83,3.8,3.76,3.72,3.68,3.65,3.61,3.41
Kazakhstan,4.1,4.1,4.1,4.1,4.1,4.1,4.1,4.1,4.1,4.1,4.1,4.1,4.1,4.1,4.1,4.1,4.1,4.1,4.1,4.1,4.1,4.1,4.1,4.1,4.1,4.1,3.9,4.4,4.41,4.05,3.68,3.32,2.95,2.61,2.27,2.34,2.74,2.97,2.73,3.11,3.07,3.03,2.99,2.95,2.9,2.86,3.16,3.16
Kenya,3.83,3.7,4.2,4.4,5,5.4,5.7,5.1,5.81,5.81,5.1,5.7,5.4,5.2,4.5,5.1,5.8,6.56,6.3,6,6.28,6.2,5.8,5.7,5.9,6.05,6.05,6.05,6.3,5.13,5.13,5.11,5.8,6.09,6.34,6.49,6.64,6.2,5.76,5.32,4.88,5.03,5.22,5.22,5.04,4.93,4.93,4.93
Kiribati,8.8,8.8,8.8,8.8,8.8,8.8,8.8,8.8,8.8,8.8,8.8,8.8,6.1,5.59,5.59,5.59,5.59,5.59,5.59,6.1,6.1,6.1,6.1,6.1,6.1,6.1,6.1,6.1,6.1,6.1,6.1,6.1,6.1,6.1,6.1,6.1,6.1,6.1,6.1,6.1,6.1,6.1,6.1,6.1,6.1,6.1,6.1,6.1
Kuwait,4.07,3.8,3.4,4.3,4.3,2,2.3,2.6,2.8,2.7,2.2,2.2,2.2,3.6,3.8,3.9,4.2,3.9,3.9,3.9,3.46,3.4,9.5,7.41,7.41,5.16,5,4.8,5,5.1,5.19,5.28,5.37,5.5,4.68,4.02,3.19,3.19,3.19,3.19,3.19,3.19,3.19,3.19,3.19,3.19,3.19,3.19
Kyrgyz Republic,7.9,7.9,7.9,7.9,7.9,7.9,7.9,7.9,7.9,7.9,7.9,7.9,7.9,7.9,7.9,7.9,7.9,7.9,7.9,7.2,6.9,5.4,4.95,3.7,5.4,6.1,4.8,4.13,4.5,3.75,3.12,3.41,4.4,4.36,4.51,4.78,5.18,5.73,5.33,5.95,5.81,7.14,7.17,6.36,5,5.25,5.71,5.71
Lao,1.8,1.8,1.8,1.8,1.8,1.8,1.8,1.8,1.8,1.8,1.8,1.8,1.8,1.8,1.8,1.8,1.8,1.8,1.8,1.8,1.8,1.8,1.8,1.91,1.91,1.9,2.1,1.9,1.37,1.13,0.9,1.09,1.18,1.32,1.46,1.05,1.11,1.16,1.22,1.28,1.49,1.49,1.41,2.92,2.61,2.61,2.61,2.61
Latvia,3.16,3.16,3.16,3.16,3.16,3.16,3.16,3.16,3.16,3.16,3.2,3.2,3.2,3.2,3.2,3.2,3.24,3.23,3.2,3,3.4,3.8,4.4,6,6.1,6.1,5.4,5.8,5.57,5.39,4.99,5.06,4.84,4.64,4.54,4.39,4.23,4.06,4.61,4.54,4.38,4.33,5.81,6.12,4.35,4.53,4.53,4.53
Lebanon,1.88,1.88,1.88,1.88,1.88,1.88,1.88,1.88,1.88,1.88,1.88,1.88,1.88,1.88,1.88,1.88,1.88,1.88,1.88,1.88,1.88,1.88,1.88,1.88,2,2.1,2,2.52,2.12,1.91,1.7,2.75,2.58,2.59,2.61,2.5,2.58,2.33,1.68,1.58,1.46,1.43,1.79,2.1,2.1,2.1,2.1,2.1
Lesotho,2.78,3.3,3.2,3.4,2.7,3.39,3.7,3,3.4,3,3.2,3.6,3.9,3.7,3.2,3.1,4.3,3.01,3.1,3.5,4.22,4.22,5.15,5,5.5,6.2,6.37,7.1,7.54,7.94,7.19,7.48,6.58,8.68,7.89,8.68,9.27,9.5,9.73,9.73,9.73,9.73,9.73,9.73,9.73,9.73,9.73,9.73
Liberia,1.92,1.92,1.92,1.92,1.92,2.6,3.5,4.4,5.3,4.9,4.5,4.47,4.44,4.41,4.38,4.35,4.32,4.29,4.26,4.23,4.2,4.17,4.14,4.11,4.08,4.05,4.02,3.99,3.96,3.93,3.9,3.87,3.84,3.81,3.78,3.75,3.72,3.69,3.66,3.66,3.66,3.66,3.66,3.66,3.66,3.66,3.66,3.66
Libya,2.14,2.14,2.14,2.14,2.14,2.14,2.14,2.14,2.14,2.14,2.14,2.14,2.14,2.14,2.14,2.14,2.14,2.14,2.14,2.14,2.14,2.14,2.14,2.14,2.14,2.14,2.14,2.14,2.14,2.14,2.14,2.14,2.14,2.14,2.14,2.14,2.14,2.14,2.14,2.14,2.14,2.14,2.14,2.14,2.14,2.14,2.14,2.14
Liechtenstein,2.35,2.35,2.35,2.35,2.35,2.35,2.35,2.35,2.35,2.35,2.35,2.35,2.35,2.35,2.35,2.35,2.35,2.35,2.35,2.35,2.35,2.35,2.35,2.35,2.35,2.35,2.35,2.35,2.35,2.35,2.35,2.35,2.35,2.35,2.35,2.35,2.35,2.15,2.28,2.54,2.8,3.06,3.06,3.06,3.06,3.06,3.06,3.06
Lithuania,4.8,4.8,4.8,4.8,4.8,4.8,4.8,4.8,4.8,4.8,4.8,4.8,4.8,4.8,4.8,4.8,4.8,4.8,4.8,4.8,4.8,4.8,4.8,4.1,5,4.4,4.6,5.3,5.51,5.61,5.7,5.8,5.7,5,4.97,4.6,4.45,4.23,4.55,5.26,5.26,5.26,5.26,5.26,5.26,5.26,5.26,5.26
Luxembourg,2.5,2.9,3,3,2.74,3.8,3.6,3.9,4.8,5,5.1,5.1,5.2,3.1,3.18,3.18,3.5,3.7,3.7,3.4,3.51,3.51,3.51,3.51,3.51,3.6,3.5,3.72,3.72,3.78,3.83,3.88,4,4.11,4.23,4.34,4.46,4.57,4.69,4.8,4.92,5.03,5.15,5.23,5.3,5.22,5.22,5.22
Madagascar,2.8,2.9,3,2.6,2.3,2.4,3.1,3.6,4.1,3.6,3.7,3.4,2.9,2.6,2.9,2.7,2,1.8,1.8,1.6,2,2.13,2.13,2.2,2.07,2.07,2.07,1.9,1.5,2.16,2.11,2.32,2.3,2.34,2.46,2.67,2.39,3.06,2.64,2.64,2.6,2.57,2.69,2.08,2.08,2.08,2.08,2.08
Malawi,3.37,3.3,2.8,2.8,2.7,2.4,2.2,2.39,2.39,2.39,2.5,2.6,2.6,2.6,2.5,2.3,2.4,2.8,2.7,2.4,2.4,2.4,2.2,3.6,3.4,3.3,4.6,4.42,3.85,4.05,4.51,3.52,3.52,3.51,3.6,3.68,3.77,3.85,3.94,4.02,4.11,4.91,4.86,4.81,6.9,5.72,4.72,4.72
Malaysia,5.01,4,5.01,5.01,5.01,5.01,5.01,5.01,5.01,4.7,4.8,5.6,5.7,5.39,4.9,5.5,6.4,5.9,4.6,4.4,4.1,4.3,4.6,4.3,4.1,3.7,4.2,4,3.7,4.5,4.29,5.13,4.81,5.41,5.51,4.7,3.88,3.7,4.06,4.41,4.99,5.57,5.33,6.09,5.08,4.84,4.58,4.58
Maldives,4.3,4.3,4.3,4.3,4.3,4.3,4.3,4.3,4.3,4.3,4.3,4.3,4.3,4.3,4.3,4.3,4.3,4.3,4.3,4.3,4.3,4.3,4.3,4.3,6.1,6.1,6.1,6.1,3.01,3.31,3.6,3.89,4.19,4.48,3.94,4.32,4.86,5.39,5.93,6.46,4.62,3.87,5.57,4.25,3.81,4.83,4.59,4.59
Mali,3.53,3.53,3.53,3.53,3.53,3.3,3.3,3.1,3.5,3.57,3.4,3.6,3.3,3.18,2.7,2.9,2.7,2.33,2.33,2.33,2.33,2.33,2.33,2,2.07,2.1,2.14,2.14,2.7,2.72,2.89,3.21,2.92,3.1,3.5,3.52,3.6,3.6,3.35,3.5,3.78,4.44,4.32,3.98,4.4,3.74,3.74,3.74
Malta,5.79,5.2,4.9,4.6,4,3.8,3.3,3.5,3.1,3,2.95,2.6,2.5,3,2.7,2.9,2.9,2.9,3.1,3.3,3.4,3.5,4,4.7,4.4,4.9,4.9,4.9,3.86,3.92,3.97,4.03,4.09,4.34,4.59,5.12,5.65,6.18,5.52,5.47,6.54,7.86,7.24,7.03,7,4.74,4.74,4.74
Marshall Islands,6.51,6.51,6.51,6.51,6.51,6.51,6.51,6.51,6.51,6.51,6.51,6.51,6.51,6.51,6.51,6.51,6.51,6.51,6.51,6.51,6.51,6.51,6.51,6.51,6.51,6.51,6.51,6.51,6.51,6.51,6.51,6.51,6.51,6.51,6.51,6.51,6.51,6.51,6.51,6.51,6.51,6.51,6.51,6.51,6.51,6.51,6.51,6.51
Mauritania,3.72,3.72,3.72,3.72,3.72,3.7,4,4.8,5,4.7,4.9,6.1,6.9,7.6,7.4,6.21,5,5.1,4.8,4.66,4.5,3.3,3.2,2.9,3,2.8,2.6,2.3,3.61,3.29,2.98,2.67,2.47,2.59,2.11,2.34,2.57,2.66,2.75,2.97,3.19,2.93,2.93,2.93,2.93,2.93,2.93,2.93
Mauritius,2.89,3.84,3.84,3.84,3.84,3.84,3.84,4,4.4,4.8,4.3,4.6,4.6,4.4,4.2,3.8,3.4,3,3,3.4,3.1,3.2,3.54,3.54,3.77,3.7,3.5,3.5,3.86,3.61,3.41,2.88,3.04,3.19,3.77,3.54,3.35,2.99,3.12,3.25,3.38,3.23,3.24,3.5,4.77,4.77,4.77,4.77
Mexico,3,3,3,3,3,3,3,3,3,3,2.9,3.4,3.7,2.6,2.6,2.6,2.6,2.5,2.3,2.2,2.2,2.4,2.9,2.7,3.5,3.7,4.84,4.97,3.4,3.56,4.11,4.33,4.59,5.12,4.72,4.85,4.69,4.69,4.78,5.09,5.01,5.04,5,4.6,5.15,5.21,5.21,5.21
"Micronesia, Fed. Sts.",23.6,23.6,23.6,23.6,23.6,23.6,23.6,23.6,23.6,23.6,23.6,23.6,23.6,23.6,23.6,23.6,23.6,23.6,23.6,23.6,23.6,23.6,23.6,23.6,23.6,23.6,23.6,23.6,23.6,23.6,23.6,23.6,23.6,23.6,23.6,23.6,23.6,23.6,23.6,23.6,23.6,23.6,23.6,23.6,23.6,23.6,23.6,23.6
Moldova,9.3,9.3,9.3,9.3,9.3,9.3,9.3,9.3,9.3,9.3,9.3,9.3,9.3,9.3,9.3,9.3,9.3,9.3,9.3,9.3,9.3,9.3,9.3,9.3,9.3,9.3,9.3,6.88,5.25,5.32,5.38,5.45,5.51,5.58,5.64,5.71,5.77,6.87,6.53,8.43,7.72,7.38,6.99,6.54,6.1,5.89,5.68,5.68
Monaco,0.8,0.8,0.8,0.8,0.8,0.8,0.8,0.8,0.8,0.8,0.8,0.8,0.8,0.8,0.8,0.8,0.8,0.8,0.8,0.9,0.867,0.833,0.8,0.867,0.933,1,1,1.1,1.1,1.1,1.17,1.16,1.15,1.14,1.13,1.17,1.2,1.24,1.27,1.31,1.3,1.2,1.18,1.03,1.03,1.03,1.03,1.03
Mongolia,8.8,8.8,8.8,8.8,8.8,8.8,8.8,8.8,8.8,8.8,8.8,8.8,8.8,8.8,8.8,8.8,10.9,10.1,9.26,11.1,7.4,7.1,5,4.1,4,3.7,4.2,4,5.35,5.03,5.53,6.21,6.88,5.5,4.11,4.16,4.2,4.25,4.29,4.32,4.36,4.17,5.63,5.24,5.13,4.55,4.86,4.31
Morocco,3.3,3.47,3.3,3.7,3.1,3.6,4.3,4.5,4.9,5.1,4.9,5.2,5.1,5.4,5.1,5,4.4,4.6,4.2,5,5,4.6,5.1,5.3,5,5.3,4.9,4.85,4.74,5.01,5.5,5.3,5.5,5.4,5.3,6.98,5.2,5.2,5.2,5.2,5.2,5.2,5.2,5.2,5.2,5.2,5.2,5.2
Mozambique,1.8,1.8,1.8,1.8,1.8,1.8,1.8,1.8,1.8,1.8,1.8,1.8,1.8,1.8,1.8,1.8,1.8,1.8,1.8,1.8,2,3.82,3.82,3.82,3.82,3.82,3.82,3.82,1.6,2.03,2.38,2.73,3.09,3.44,3.79,4.26,4.02,4.18,4.35,4.51,4.68,4.84,5.01,5.38,5.38,5.38,5.38,5.38
Myanmar,1.64,1.64,2.7,3.1,1.64,1.9,1.6,1.6,1.6,1.61,1.61,1.61,1.61,1.61,1.61,1.61,1.61,1.58,1.6,1.26,1.26,1.26,1.26,1.26,0.938,0.9,0.938,0.938,0.395,0.4,0.3,0.8,0.7,0.6,0.61,0.621,0.631,0.641,0.651,0.661,0.672,0.682,0.863,1.04,1.22,1.41,1.59,1.77
Namibia,8.89,8.89,8.89,8.89,8.89,8.89,8.89,8.89,8.89,8.89,8.89,8.89,8.89,8.89,8.89,8.89,8.89,8.89,8.89,8.89,8.89,8.89,9.2,10,9,8.3,7.5,8.47,7.44,6.63,6.52,6.36,6.58,6.8,7.02,7.24,7.46,7.68,7.9,8.12,8.34,6.97,5.61,4.24,2.88,2.88,2.88,2.88
Nepal,1.48,1.48,0.6,0.8,1.1,1.48,1.5,1.5,1.6,1.6,1.5,1.8,2,2.6,2.7,2.63,2.7,2.35,2.21,2.2,2.3,2,2.6,2.9,3,2.6,3.1,2.9,2.13,2.13,2.01,2.76,2.35,2.4,2.6,2.8,3.01,3.21,3.41,4.2,3.14,3.29,3.23,3.03,3.43,3.24,3.24,3.24
Netherlands,5.2,5.3,5.8,5.3,6.1,6,6,5.9,6,6,5.8,5.8,5.7,5.5,5.1,5.1,5.3,5.5,5.3,5.1,5.1,5.1,5.37,4.9,4.8,4.7,4.6,4.87,4.32,3.99,4.03,4.19,4.24,4.41,4.42,4.54,4.33,4.24,4.48,4.82,4.88,4.8,5.45,4.84,4.87,4.78,4.78,4.78
New Zealand,3.74,3.7,4.1,4,4,4.3,4.5,3.8,3.9,4,3.8,4,4.1,4.59,3.9,3.5,3.3,3.8,4.3,4.6,6.6,5.9,6.5,6.4,6.1,5.9,6.5,6.2,6.91,6.61,6.78,6.94,6.73,6.75,6.8,6.62,6.31,6.34,5.61,6.44,6.97,7.03,7.37,7.37,7.37,7.37,7.37,7.37
Nicaragua,2.2,2.1,2.21,1.8,1.6,1.8,2,1.8,2.1,3,2.7,3.5,3.5,3.2,5.3,5.4,5.7,4.6,3.7,3.1,3.59,3.59,4.1,3.89,1.4,1.5,1.5,3.65,3.28,3.02,2.77,2.51,2.26,2.49,2.72,2.95,3.18,3.41,3.64,3.87,4.1,4.1,4.1,4.1,4.1,4.1,4.1,4.1
Niger,1.07,1,1.99,1.99,1.99,1.99,1.99,1.99,1.99,1.99,1.99,2.91,2.6,2.56,2.56,2.56,2.56,2.56,2.56,2.22,2.4,3.3,3.2,2.9,2.9,2.9,2.6,2.3,2.32,2.67,2.87,2.71,2.58,2.61,2.63,2.66,2.69,3.03,3.36,3.57,3.4,3.79,3.74,4.16,5.17,5.39,5.39,5.39
Nigeria,1.54,1.5,3.32,3.32,2.4,1.7,3.32,2.1,3.32,2.3,3.32,5.11,5,4.54,4.08,3.62,3.16,2.69,2.23,1.77,1.31,0.85,0.85,0.85,0.85,0.85,0.85,0.85,0.85,0.85,0.85,0.85,0.85,0.85,0.85,0.85,0.85,0.85,0.85,0.85,0.85,0.85,0.85,0.85,0.85,0.85,0.85,0.85
Norway,5,5.2,4.7,4.8,4.6,4.5,5.2,4.9,5.6,5.26,5,4.9,5.1,5,4.9,4.8,5,5.2,5.3,5.7,5.6,5.8,5.9,7.5,7.6,7.2,6.8,6.6,6.51,6.29,5.84,6.27,6.86,6.74,6.69,6.26,5.87,6,5.79,6.38,6.1,5.9,6.81,6.59,6.64,6.36,6.36,6.36
Oman,3.2,3.2,3.2,3.2,3.2,3.2,3.2,3.2,3.2,3.2,3.2,3.2,3.2,3.2,3.2,3.2,3.2,3.1,3.1,2.9,2.7,2.8,2.9,3.2,3.2,3.2,3.1,3.5,4,3.86,3.71,3.57,3.94,3.76,3.58,3.26,3.98,4.21,4.43,4.66,4.63,4.61,4.58,4.56,4.72,4.88,5.04,6.5
Pakistan,1.01,1,1.2,1.3,1.4,1.4,1.5,1.5,1.6,1.5,1.5,1.3,1.3,1.3,1.4,1.7,1.8,2.1,1.91,1.8,1.9,2,2.1,2,2.3,2.4,2.4,2.4,2.33,2.34,2.18,2.01,1.85,1.68,1.52,1.71,1.94,1.91,2.02,1.85,1.51,1.45,1.62,1.79,1.86,1.95,2.03,2.03
Panama,4.9,4.1,4.4,4.2,4.3,5,5.2,5.2,4.3,4.4,4.5,4.2,3.8,4,4.3,4.3,4.3,4.4,4.9,5.1,4.6,4.6,4.6,4.73,4.2,4.6,4.2,3.9,5.09,4.87,4.64,4.42,3.35,3.28,3.2,3.13,3.05,2.98,2.9,2.87,2.83,2.8,2.8,2.8,2.8,2.8,2.8,2.8
Papua New Guinea,6.28,6.28,4.5,6.28,6.28,6.28,6.2,6.9,6.9,6.9,6.9,6.9,6.9,6.9,6.9,6.9,6.9,6.9,6.9,6.9,6.9,6.9,6.9,6.9,6.9,6.9,6.9,6.9,6.9,6.9,6.9,6.9,6.9,6.9,6.9,6.9,6.9,6.9,6.9,6.9,6.9,6.9,6.9,6.9,6.9,6.9,6.9,6.9
Paraguay,1.93,1.56,1.56,1.56,1.56,1.56,1.56,1.56,1.56,1.56,1.56,1.56,1.56,1.56,1.18,1.22,1.15,1.08,0.965,0.98,1.12,1.89,2.64,2.86,2.92,3.43,4.1,3.94,4.09,4.3,4.86,4.61,4.1,4.59,3.91,3.77,3.64,3.5,3.6,3.69,3.79,4.84,4.88,4.77,4.65,4.54,4.42,4.42
Peru,3.17,2.7,3.18,3.3,3.1,3.1,3.1,2.8,2.5,2.2,2.8,3,2.7,2.8,2.8,2.6,3.08,3.2,3,2.8,2.7,2.65,2.62,2.61,2.61,2.6,2.8,2.6,2.96,3.09,3.15,2.95,2.72,2.85,2.9,2.88,2.73,2.64,2.57,2.72,2.44,2.32,2.4,2.69,3.09,3.21,3.26,3.34
Philippines,2.76,2.8,2.21,2.21,2.21,2.21,1.8,1.8,2.2,2,1.7,1.8,1.7,1.7,1.3,1.3,1.7,1.9,2,2.25,2.25,2.25,2.25,2.25,2.25,2.5,2.8,2.9,3.12,2.84,2.57,2.37,2.45,2.34,1.96,1.8,1.88,1.88,1.88,1.84,1.84,1.84,1.84,1.84,1.84,1.84,1.84,1.84
Poland,3.81,3.77,3.77,3.77,3.77,3.74,3.53,3.53,3.53,3.53,3.32,3.95,3.65,3.83,4.02,4.03,3.87,3.76,3.56,3.82,5.35,3.9,4.2,4.1,5.15,4.5,6.4,6.26,4.52,4.28,4.64,4.97,5.02,5.07,5.27,5.28,4.99,4.72,4.84,4.9,4.99,4.8,4.83,4.77,4.71,4.61,4.61,4.61
Portugal,3.31,3.31,3.31,1.4,1.8,2.9,2.9,3.28,2.6,2.4,2.7,2.9,3.1,3,3,3.1,2.8,2.9,3.2,3.3,3.3,3.9,4.1,4.6,4.4,4.3,4.8,5.54,5.4,4.7,4.96,5.15,5.11,5.11,5,5.04,4.92,4.99,4.76,5.47,5.45,5.14,4.53,5.16,5.07,4.77,4.77,4.77
Qatar,2.99,2.9,2.6,2.8,2.15,1.31,1.3,1.5,2.2,2.19,2.19,2.18,2.18,2.17,2.16,2.16,2.15,2.14,2.14,2.13,2.13,2.12,2.11,2.11,2.1,2.09,2.09,2.08,2.08,2.07,2.06,2.06,2.05,2.05,2.04,1.98,1.92,1.86,1.8,1.93,2.06,2.18,2.31,2.44,2.57,2.45,2.33,2.21
Romania,2.32,2.32,2.32,2.32,2.32,2.32,2.32,2.32,2.32,2.32,2.32,2.32,2.32,2.32,2.32,2.32,2.32,2.32,2.32,2.55,2.6,3.19,3.2,2.9,3.41,3.41,3.3,3.61,3.23,3.02,2.82,3.02,3.22,3.24,3.23,3.38,3.41,3.44,3.59,3.75,3.18,2.87,2.81,2.81,2.81,2.81,2.81,2.81
Russia,3.9,3.9,3.9,3.9,3.9,3.9,3.9,3.9,3.9,3.9,3.9,3.9,3.9,3.9,3.9,3.9,3.9,3.9,3.9,3.9,3.9,3.9,3.9,3.9,3.9,3.9,3.54,3.54,3.54,3.55,3.55,3.55,3.55,3.55,3.55,3.55,3.55,3.55,3.55,3.55,3.55,3.56,3.56,3.58,3.6,3.62,3.62,3.62
Rwanda,2.2,2.6,3,2.8,3.8,2.3,2,2.1,2,2.2,2.3,3.6,3.41,3.1,3.1,3.23,3.4,3.3,3.1,3.5,3.54,3.54,3.54,3.54,3.54,3.54,3.54,3.54,3.54,3.6,3.34,3.46,3.56,3.67,3.77,3.87,3.98,4.08,3.38,3.78,4.18,4.01,3.96,4.28,3.85,3.43,3.16,3.16
Samoa,3.6,3.6,3.6,3.6,3.6,3.6,3.6,3.6,3.6,3.6,3.6,3.6,3.6,3.6,3.6,3.6,3.6,3.6,3.6,3.6,3.6,3.95,3.95,3.95,3.95,3.95,3.95,3.95,4.44,3.96,3.55,3.64,3.72,3.81,3.9,3.98,4.07,4.15,4.24,4.24,4.24,4.24,4.24,4.24,4.24,4.24,4.24,4.24
San Marino,2.3,2.55,2.8,2.8,2.9,3.8,3.5,3.5,3.9,3.7,3.5,3.5,3.7,3.35,3,3.05,3.1,3.3,3.4,3.3,3.4,3.8,4,4,3.9,3.6,3.6,3.55,3.55,3.55,3.55,3.55,3.55,3.55,3.55,3.55,3.55,3.55,3.55,3.55,3.55,3.55,3.55,3.55,3.55,3.55,3.55,3.55
Sao Tome and Principe,3.82,3.82,3.82,3.82,3.82,3.82,3.82,3.82,3.82,3.82,3.82,3.82,3.82,3.82,3.82,3.82,3.82,3.73,3.64,3.54,3.45,3.36,3.26,3.17,3.08,2.98,2.89,2.8,2.7,2.61,2.52,2.42,2.33,2.54,2.8,5.27,4.24,5.24,4.99,7.51,7.66,5.56,3.47,5.08,3.48,3.48,3.48,3.48
Saudi Arabia,2.59,2.59,2.59,2.59,2.59,2.3,2.59,2.59,2.8,3.7,2.7,2.5,2.6,3.7,4.2,5.47,4.6,5.58,5.58,5.58,5.7,5.1,4.7,5.5,5.8,5.4,4.7,4.2,7.19,7.19,7.19,7.19,7.19,7.19,7.19,7.19,7.19,7.19,7.19,7.19,7.19,7.19,7.19,7.19,7.19,7.19,7.19,7.19
Senegal,4.4,4.4,4.4,4.4,4.4,4.4,4.4,3.1,4.4,4.4,4.4,3.7,4.33,4.26,3.8,3.8,3.6,3.4,3.3,3.83,4.04,4,3.87,3.87,3.87,3.87,3.5,3.7,3.49,3.27,3.06,3.12,3.18,3.24,3.56,4.36,4.41,4.61,4.8,5,5.19,5.37,5.34,5.79,6.61,6.2,6.46,6.46
Serbia,4.39,4.39,4.39,4.39,4.39,4.39,4.39,4.39,4.39,4.39,4.39,4.39,4.39,4.39,4.39,4.39,4.39,4.39,4.39,4.39,4.39,4.39,4.39,4.39,4.39,4.39,4.39,4.39,4.39,4.39,4.39,4.39,4.39,4.39,4.39,4.39,4.39,4.39,4.65,4.7,4.58,4.48,4.47,4.37,4.28,4.17,3.97,3.97
Seychelles,3.8,3.6,3.9,3.8,3.6,3.9,4.2,7.37,7.37,7.37,7.37,7.37,7.37,7.37,10.8,10.2,9.7,9.27,8.6,7.9,7.9,7.29,7.1,7.29,7.6,6.5,6.5,6.34,5.2,5.21,5.23,5.25,5.26,5.35,4.96,4.56,4.17,4.03,3.9,3.76,3.63,3.49,2.75,3.13,4.04,4.29,4.53,4.53
Sierra Leone,3,3,3,3,3,3.3,2.9,3.7,3.3,2.38,2.38,2.38,2.38,2.38,2.38,1.77,2.5,1.8,1.9,1.5,1.1,2.38,2.38,2.38,2.38,2.38,2.38,2.38,1.01,3.05,5.08,3.53,3.42,3.21,2.99,2.89,2.64,2.39,2.19,2.56,2.5,2.55,2.76,2.58,2.71,2.71,2.71,2.71
Singapore,2.96,2.9,2.7,2.4,2.3,2.3,2.3,2.2,2.1,2.1,2.3,2.3,2.4,3,3.27,3.44,3.4,3.1,3.1,2.71,2.6,2.6,3.1,2.4,2.3,2.2,2.2,2.26,2.48,2.34,2.2,2.6,2.6,2.6,2.6,2.59,2.59,2.59,2.59,2.88,2.94,2.82,2.88,2.76,2.76,2.76,2.76,2.76
Slovak Republic,5.2,5.2,5.2,5.2,5.2,5.2,5.2,5.2,5.2,5.2,5.2,5.2,5.2,5.2,5.2,5.2,5.2,5.2,5.2,5.2,5.2,5.2,5.2,4,3.4,3.4,3.9,3.9,4.18,3.96,3.7,3.7,4.02,4.11,4.02,3.63,3.59,3.49,3.43,3.8,3.71,3.72,3.74,3.83,3.98,4.05,4.05,4.05
Slovenia,4.41,4.41,4.41,4.41,4.41,4.41,4.41,4.41,4.41,4.41,4.41,4.41,4.41,4.41,4.41,4.41,4.41,4.41,4.41,4.41,4.41,4.41,5.1,5.2,4.8,4.6,5.35,5.35,5.35,5.32,5.28,5.25,5.21,5.18,5.26,5.21,5.15,4.85,4.76,5.22,5.26,5.24,5.36,4.85,4.67,4.65,4.65,4.65
Solomon Islands,4.1,4.1,4.1,4.1,4.1,4.1,4.1,4.1,4.1,4.1,4.08,4.05,4.03,4,3.98,3.95,3.92,3.9,3.88,3.85,3.83,3.8,3.83,3.83,3.83,3.83,3.83,3.83,3.83,4.06,4.29,4.52,4.75,4.97,5.2,5.43,5.66,5.89,7.6,9.86,9.94,9.94,9.94,9.94,9.94,9.94,9.94,9.94
Somalia,1.05,1.02,0.999,0.991,0.991,0.991,0.991,0.991,0.991,0.991,0.991,0.991,0.991,0.991,0.991,0.991,0.991,0.991,0.991,0.991,0.991,0.991,0.991,0.991,0.991,0.991,0.991,0.991,0.991,0.991,0.991,0.991,0.991,0.991,0.991,0.991,0.991,0.991,0.991,0.991,0.991,0.991,0.991,0.991,0.991,0.991,0.991,0.991
South Africa,5.04,5.04,5.04,5.04,5.04,5.04,5.04,5.04,5.04,5.04,5.04,5.04,5.04,5.04,5.04,5.04,5.04,4.7,4.8,4.6,4.8,5.3,6.43,5.7,5.5,6.41,5.5,6.6,6.09,5.9,5.25,5.13,5.13,4.88,4.99,4.98,5,4.87,4.87,5.21,5.55,5.89,6.25,5.93,5.97,5.87,5.78,6.01
South Korea,2.6,2.9,2.7,2.5,2.13,1.6,2.5,2.3,2.38,2.6,3,2.6,5.4,3.5,3.4,3.4,3.2,3.1,2.5,2.8,2.9,2.9,3.1,3.2,3.3,3.2,3.36,3.2,2.77,2.8,2.88,2.97,3.05,3.35,3.61,3.42,3.73,3.7,4,3.93,4.04,4.15,4.11,4.56,4.6,4.64,4.64,4.64
South Sudan,1.15,1.15,1.15,1.15,1.15,1.15,1.15,1.15,1.15,1.15,1.15,1.15,1.15,1.15,1.15,1.15,1.15,1.15,1.15,1.15,1.15,1.15,1.15,1.15,1.15,1.15,1.15,1.15,1.15,1.15,1.15,1.15,1.15,1.15,1.15,1.15,1.15,1.15,1.15,1.15,1.15,1.15,1.15,1.15,1.4,1.48,1.76,1.76
Spain,1.3,1.4,1.5,1.4,1.3,2.36,1.7,1.8,1.9,2.1,2.36,2.36,2.36,2.36,2.36,2.36,2.36,2.9,3,3.1,3.3,3.4,3.6,4,4.3,4.2,4.3,4.43,4.1,3.91,3.85,3.83,3.82,3.78,3.82,3.82,3.8,3.85,4.1,4.44,4.41,4.45,4.1,4.11,4.08,4.05,4.05,4.05
Sri Lanka,3.9,3.18,3.18,3.5,2.8,2.9,2.46,2.46,2.46,2.3,2.3,2,2.2,2.1,1.8,2.2,2.1,2.1,2.4,2.6,1.9,2.1,2,2.5,2.6,2.4,2.8,2.86,2.6,2.52,2.44,2.37,2.29,2.21,2.13,2.05,1.97,1.9,1.82,1.74,1.7,1.68,1.43,1.3,1.59,1.85,2.54,2.31
St. Kitts and Nevis,5.23,5.23,5.23,5.23,5.23,5.23,5.23,5.23,5.23,5.23,5.2,4.3,6,6.4,5.9,5.7,4.7,3.6,3.33,3.1,2.88,2.7,3.1,3.32,3.32,3.5,3.6,3.87,2.92,3.98,3.94,3.94,3.77,3.98,4.03,3.79,3.44,3.31,3.31,3.31,3.31,3.31,3.31,3.31,3.31,3.31,3.31,3.31
St. Lucia,6.89,6.89,6.89,6.89,6.89,6.89,6.89,6.89,6.89,6.3,5.2,6.66,6,5.83,5.83,5.83,6,5.7,5.6,5.9,5.3,5.1,5.2,5.83,6.3,7.09,7.09,7.09,7.8,6.07,5.75,5.43,5.1,4.78,4.46,5.01,4.37,4.44,4.51,4.34,4.18,4.21,3.99,4.75,4.47,4.18,4.18,4.18
St. Vincent and the Grenadines,4.8,8.2,5.9,5.9,9.1,7.1,6.4,5.9,4.6,6.43,6.43,6.43,6.43,6.43,6.43,6.43,5.6,5.29,5.29,5,4.87,4.6,4.72,4.72,4.72,4.72,4.72,4.72,5.85,5.87,5.88,6.71,7.54,7.47,7.4,4.54,5.51,6.47,6.14,5.8,5.18,5.18,5.18,5.18,5.18,5.18,5.18,5.18
Sudan,3.47,3.7,3.7,3.7,3.7,3.7,3.7,3.7,3.7,3.7,3.93,3.59,3.59,3.59,3.59,3.26,2.06,2.06,2.06,2.06,2.06,2.06,2.06,2.06,2.06,2.06,0.868,0.868,0.868,0.969,1.07,1.18,1.28,1.47,1.66,1.57,1.98,2.06,2.15,2.18,2.18,2.18,2.18,2.18,2.18,2.18,2.18,2.18
Suriname,6.69,6.69,6.69,6.69,6.69,6.69,6.69,6.69,6.69,6.69,6.7,7.27,7.83,8.4,8.97,9.53,10.1,9.5,8.9,8.3,6.5,6,6,3.44,3.44,3.44,3.44,3.44,3.44,3.44,3.44,3.44,3.44,3.44,3.44,3.44,3.44,3.44,3.44,3.44,3.44,3.44,3.44,3.44,3.44,3.44,3.44,3.44
Sweden,6.2,5.6,5.8,5.9,5.7,5.6,5.5,5.7,6.1,5.8,6,6,6,5.9,5.7,5.6,5.6,5.4,5.3,4.9,5,5.3,5.1,5.3,7.96,8.07,8.28,8.04,7.22,6.96,6.82,6.69,6.53,6.37,6.69,6.47,5.96,5.7,5.85,6.37,6.11,6.02,7.08,7.15,7.13,7.07,7.07,7.07
Switzerland,2.6,2.8,3,3.2,3.4,3.7,3.9,4,4,4,4,3.8,4,4.1,4,3.9,4,4,3.9,3.9,4,4.3,4.73,4.7,4.7,4.7,4.7,4.92,4.15,4.17,4.08,4.09,4.71,4.78,4.71,4.41,4.27,4.35,4.82,4.58,4.3,4.54,4.57,4.49,4.53,4.48,4.48,4.48
Syria,3.5,3.4,3.2,3.3,2.8,2.9,4.1,4.4,4.4,3.8,3.5,4,4.5,4.8,4.9,4.9,4.7,4.2,3.4,3.7,4.1,4,2.8,3.07,3.34,2.82,3.2,2.6,2.6,2.6,2.6,2.6,2.6,2.6,2.6,2.6,2.6,2.6,2.6,2.6,2.6,2.6,2.6,2.6,2.6,2.6,2.6,2.6
Tajikistan,8.27,8.27,8.27,8.27,8.27,8.27,8.27,8.27,8.27,8.27,8.27,8.27,8.27,8.27,8.27,6.9,8.27,8.27,7.8,8.4,8.7,7.5,9.2,7.4,5.02,2,2.1,2.04,2.01,1.92,2.21,2.51,2.8,2.44,2.64,3.2,3.28,3.35,3.43,3.51,3.58,3.66,3.69,3.71,3.74,3.77,3.77,3.77
Tanzania,2.61,2.61,2.61,2.61,2.61,2.61,2.61,2.61,2.61,2.61,2.61,2.61,2.61,2.61,2.61,2.61,2.61,2.61,2.61,2.1,2.1,2.39,2.39,2.39,2.39,2.39,2.39,2.39,2.39,2.5,2.6,2.7,2.93,3.17,3.4,3.37,3.66,3.62,3.89,3.73,3.73,3.73,3.73,3.73,3.73,3.73,3.73,3.73
Thailand,2.35,2.2,2.2,1.9,1.6,1.8,2.2,2.1,2.49,1.9,1.8,2,2.5,2.6,2.7,3.26,3,2.8,2.4,2.2,3,2.6,2.5,3.36,2.9,2.6,2.8,3.5,3.8,4.13,4.46,4.79,4.63,4.46,4.3,4.13,3.97,3.8,3.64,4.06,3.54,4.63,4.53,4.19,4.19,4.19,4.19,4.19
Timor-Leste,1.46,1.46,1.46,1.46,1.46,1.46,1.46,1.46,1.46,1.46,1.46,1.46,1.46,1.46,1.46,1.46,1.46,1.46,1.46,1.46,1.46,1.46,1.46,1.46,1.46,1.46,1.46,1.46,1.46,1.46,1.46,1.46,1.46,1.46,1.46,1.46,1.46,1.46,1.46,2.9,2.7,2.09,1.63,1.76,3.17,3.17,3.17,3.17
Togo,1.9,3.69,3.69,3.69,3.69,3.69,3.69,3.69,6.3,6.1,5.4,5.7,5.76,5.76,5.6,5.09,4.6,4.6,4.9,4.9,4.7,5.6,5.6,5.11,5.11,4.3,4.2,4.19,3.27,4.15,4.21,3.89,3.62,3.84,3.55,3.39,3.28,3.61,3.76,4.53,4.54,4.81,4.84,5.09,5.28,4.93,4.89,4.89
Tonga,3.29,3.29,3.29,3.29,3.29,3.29,3.29,3.29,3.29,3.29,3.29,3.29,3.3,4.29,4.3,4.07,4.1,4,4.35,4.35,4.35,4.35,4.67,4.7,4.67,4.67,4.67,4.67,4.18,3.86,3.55,3.24,2.93,2.93,2.93,2.93,2.93,2.93,2.93,2.93,2.93,2.93,2.93,2.93,2.93,2.93,2.93,2.93
Trinidad and Tobago,3.03,3.03,3.03,3.03,3.03,3.03,3.03,3.03,3.03,3.03,3,3.81,4.7,4.7,5,5.3,4.74,4.74,4.74,4.2,3.7,3.76,3.85,3.85,3.4,3.4,3.3,3.2,2.4,2.85,2.55,3,3.46,2.87,2.87,2.87,2.87,2.87,2.87,2.87,2.87,2.87,2.87,2.87,2.87,2.87,2.87,2.87
Tunisia,4.63,4.63,4.63,5.7,4.8,4.6,4.8,5.4,5.6,5.3,4.7,4.6,5,5,5.1,5.2,5.6,5.51,5.51,5.51,5.2,5.6,5.4,5.5,5.8,5.9,5.7,6,6.39,5.69,5.55,5.59,5.34,5.96,5.94,5.94,6,6,5.99,6.04,5.86,5.88,5.9,5.9,5.9,5.9,5.9,5.9
Turkey,1.86,1.86,1.86,1.86,1.86,1.86,1.86,1.86,3.5,2.6,1.86,1.9,1.5,2.3,1.7,1.5,1.37,1.03,1.14,1.05,1.91,2.14,2.53,3.2,3.3,2.3,2.66,2.66,2.81,2.36,2.2,2.63,2.48,2.51,2.86,2.75,2.64,2.85,3.06,3.28,3.49,3.7,3.91,3.83,3.81,3.8,3.8,3.8
Turkmenistan,2.32,2.32,2.32,2.32,2.32,2.32,2.32,2.32,2.32,2.32,2.32,2.32,2.32,2.32,2.32,2.32,2.32,2.32,2.32,2.32,2.32,2.32,2.32,2.32,2.32,2.32,2.32,2.32,2.32,2.32,2.32,2.32,2.32,2.32,2.32,2.32,2.32,2.32,2.32,2.32,2.32,2.32,2.32,2.32,2.32,2.32,2.32,2.32
Uganda,2.75,2.7,2.62,3.2,2.9,3,2.5,2.69,2.69,2.69,2.69,2.88,2.1,1.6,1.9,2.5,3.74,5.01,5,3.47,3.47,3.47,3.47,3.47,1.94,1.9,1.94,1.94,1.94,2.25,2.56,2.87,3.18,3.49,3.8,3.6,3.4,3.2,3,2.8,2.1,2.5,2.4,2,2.01,2.01,2.01,2.01
Ukraine,3.7,4.3,4.4,4.4,4.4,4.4,4.3,4.1,4.1,4.2,4.2,4.1,4.1,3.8,3.8,3.9,4,3.9,3.9,3.5,3.4,4.3,4.6,4.3,4.9,5.4,6.36,5.5,4.41,4.17,3.94,4.26,4.58,4.9,5.22,5.54,5.86,5.91,5.95,6,6.05,6.09,6.6,6.61,5.83,5.24,4.64,4.64
United Kingdom,4.49,4.4,4.5,4.8,4.7,5.7,5.8,5.6,5.2,5,5,5.2,5,4.9,4.7,4.6,4.5,4.4,4.4,4.2,4.2,4.3,4.5,5.2,5.2,5.1,5,5.33,4.05,3.84,3.86,3.8,4.32,4.51,4.34,4.73,4.69,4.8,4.81,4.95,5.5,5.15,5.26,5.37,5.65,5.62,5.55,5.55
United States,7.45,7,6.9,6.8,6.6,7,7,6.7,6.6,6.3,6.3,6.4,6.2,6.3,6.3,6.1,4.2,6.4,4.3,4.3,4.4,4.5,5.43,5.1,5.36,4.79,4.79,4.79,4.27,4.28,4.51,4.75,4.76,4.92,4.68,4.45,4.69,4.61,4.71,4.71,4.84,5.05,4.5,4.41,4.4,4.4,4.4,4.4
Uruguay,3.7,3.01,3.01,3.01,3.01,3.01,3.01,3.01,3.01,1.9,2.1,2.35,2.35,2.35,2.5,2.7,3.1,2.9,2.7,2.6,2.5,2.3,2.2,2.46,2.2,2.3,2.6,2.86,2.73,2.51,2.3,2.22,2.13,2,2.29,2.66,2.78,3.08,3.39,3.69,4,4.3,4.3,4.3,4.3,4.3,4.3,4.3
Uzbekistan,9.3,9.3,9.3,9.3,9.3,9.3,9.3,9.3,9.3,9.3,9.3,9.3,9.3,9.3,9.3,9.3,9.3,9.3,9.3,9.3,9.3,9.3,9.3,9.3,9.37,9.37,9.37,9.37,9.37,9.37,9.37,9.37,9.37,9.37,9.37,9.37,9.37,9.37,9.37,9.37,9.37,9.37,9.37,9.37,9.37,9.37,9.37,9.37
Vanuatu,7.4,7.4,7.4,7.4,7.4,7.4,7.4,7.4,7.4,7.4,7.4,7.4,7.4,7.4,7.4,7.4,7.4,7.4,6.8,4.8,4.4,4.8,4.93,4.93,5,5.48,5.48,5.48,6.71,5.26,6.14,5.39,5.43,5.46,5.5,5.54,5.58,5.61,5.65,5.02,4.98,4.94,4.9,4.85,4.81,4.77,4.73,4.69
Venezuela,3.7,3.7,4.1,4.2,3.5,4.4,3.98,3.9,3.98,3.98,3.6,4.3,4.2,4.9,4.3,4.1,3.6,4.3,3.8,3.6,2.6,3.56,4.6,4.1,5,4.5,4.35,4.35,4.35,4.23,4.12,4,3.88,3.76,3.64,3.52,3.4,3.49,5.01,6.54,6.54,6.54,6.54,6.54,6.54,6.54,6.54,6.54
Vietnam,2.3,2.3,2.3,2.3,2.3,2.3,2.3,2.3,2.3,2.3,2.3,2.3,2.3,2.3,2.3,2.3,2.3,2.3,2.3,2.3,2.3,2.3,2.3,2.3,2.3,2.7,2.6,2.6,2.81,2.94,3.06,3.18,3.3,3.43,3.55,3.67,3.79,3.91,4.04,4.16,5.36,3.87,4.59,4.6,4.6,4.6,4.6,4.6
Yemen,3.6,3.6,3.6,3.6,3.6,3.6,3.6,3.6,3.6,3.6,3.6,3.6,3.6,3.6,3.6,3.6,3.6,3.6,3.6,3.6,3.6,3.6,3.6,3.6,3.6,3.6,3.6,3.6,3.6,3.6,3.6,3.6,3.6,3.6,3.6,3.6,3.6,3.6,3.6,3.6,3.6,3.6,3.6,3.6,3.6,3.6,3.6,3.6
Zambia,3.6,4.7,4.7,4.4,4,5.2,5.4,5,4.7,4.3,4.2,4,5.5,5.4,5.2,4.4,3.8,2.7,2.59,2.4,2.62,2.8,2.2,2,1.8,2,2.02,2.02,2.5,2.16,1.82,2.02,2.21,2.41,2.61,1.86,1.46,1.06,1.06,1.06,1.06,1.06,1.06,1.06,1.06,1.06,1.06,1.06
Zimbabwe,2.61,1.9,1.9,1.7,1.5,1.5,1.5,1.7,1.8,2.3,2.5,3.3,3.7,4.3,5.7,7.5,9.99,11.9,12.6,12.4,12.7,19.3,23,37.7,46,61.1,57.3,68.2,6.87,6.45,6.04,5.63,5.21,4.8,4.39,3.97,3.56,3.15,2.74,2.32,1.91,1.91,1.91,1.91,1.91,1.91,1.91,1.91
